{"cameraMode":{"drawMode":0,"name":"Shaded","section":"Shading Mode"},"sceneLighting":false,"audioPlay":false,"sceneViewState":{"showFog":true,"showMaterialUpdate":false,"showSkybox":false,"showFlares":true,"showImageEffects":true,"showParticleSystems":true},"in2DMode":false,"pivot":{"x":-2.857264280319214,"y":0.6466254591941834,"z":32.49087905883789},"rotation":{"x":-0.0038999770767986776,"y":0.012278926558792591,"z":0.00027974395197816193,"w":-1.0000520944595338},"size":40.080047607421878,"orthographic":false}