{"cameraMode":{"drawMode":0,"name":"Shaded","section":"Shading Mode"},"sceneLighting":false,"audioPlay":false,"sceneViewState":{"showFog":true,"showMaterialUpdate":false,"showSkybox":false,"showFlares":true,"showImageEffects":true,"showParticleSystems":true},"in2DMode":false,"pivot":{"x":-81.79129791259766,"y":45.97361755371094,"z":21.550182342529298},"rotation":{"x":-0.1644609272480011,"y":-0.15879397094249726,"z":0.026831869035959245,"w":-0.9732716679573059},"size":7.3976898193359379,"orthographic":false}