{"cameraMode":{"drawMode":0,"name":"Shaded","section":"Shading Mode"},"sceneLighting":false,"audioPlay":false,"sceneViewState":{"showFog":true,"showMaterialUpdate":false,"showSkybox":false,"showFlares":true,"showImageEffects":true,"showParticleSystems":true},"in2DMode":false,"pivot":{"x":6.100622653961182,"y":5.425737380981445,"z":2.8092734813690187},"rotation":{"x":0.020100237801671029,"y":0.021268418058753015,"z":0.00040931752300821245,"w":-0.9996556639671326},"size":7.982135772705078,"orthographic":false}