{"cameraMode":{"drawMode":0,"name":"Shaded","section":"Shading Mode"},"sceneLighting":false,"audioPlay":false,"sceneViewState":{"showFog":true,"showMaterialUpdate":false,"showSkybox":false,"showFlares":true,"showImageEffects":true,"showParticleSystems":true},"in2DMode":false,"pivot":{"x":-293.402099609375,"y":9.65785026550293,"z":22.20606231689453},"rotation":{"x":-0.08180886507034302,"y":0.012233427725732327,"z":-0.0009632778237573803,"w":-0.9966955780982971},"size":8.43899917602539,"orthographic":false}